"","PCNM1","PCNM2","PCNM3","PCNM4","PCNM5","PCNM6","PCNM7","PCNM8","PCNM9","PCNM10","PCNM11","PCNM12","PCNM13","PCNM14","PCNM15","PCNM16","PCNM17","PCNM18","PCNM19","PCNM20","PCNM21","PCNM22","PCNM23","PCNM24","PCNM25","PCNM26","PCNM27","PCNM28","PCNM29","PCNM30","PCNM31","PCNM32","PCNM33","PCNM34","PCNM35","PCNM36","PCNM37"
"Abernathy",0.0300760823930342,0.177488850055395,-0.18490411116998,-0.116435324888742,0.0163517198079151,0.200729464061031,0.350110903068016,0.041428672145364,0.178452566946973,-0.0553059435898193,-0.0581076340062163,-0.0339930690346113,-0.213875835018696,-0.0745432180956809,-0.0175962845339184,0.0654476270273353,0.00477096473682065,0.152642345871752,-0.104026186778485,-0.0444122706599694,-0.172730263721781,0.158139017237143,0.00883273980359698,-0.00381044157011827,0.191391391006984,-0.091584621597946,0.0234809381062705,0.0498321894746952,-0.100603214682234,0.00537759377902728,0.124099731557758,-0.0227685711781187,-0.164909214100949,-0.0589815872155328,-0.0134173387707571,0.0349431665720063,-0.0890709192848447
"Adams",-0.136340777196537,-0.176686172609015,-0.233868668904121,-0.0440803582282575,-0.10802567340317,-0.248018232322308,-0.0525183366384417,0.0523801869680405,-0.139658656828202,0.0951043653692934,-0.100439543335946,-0.158837473273814,0.0424370140571683,-0.0602535187277612,-0.11773604801377,0.131500338508457,0.120940667844957,0.138243350620853,-0.127731500380016,-0.0599601334778437,-0.0618601366949411,0.0400059610233028,-0.284961057516861,-0.214796775005259,-0.195690128469166,-0.0412290589637877,0.0235160768510606,0.0120125121280548,0.0485325130749241,-0.107616045296003,-0.0571363967513364,-0.0263129202544083,-0.108579415325801,-0.00983131734512452,-0.123568912566924,-0.0611951265991526,0.0924533466960423
"Andreafsky",0.0215408657247711,-0.0340010207434347,-0.0365441471110491,0.0802685560752039,-0.0199993962606193,-0.054334552585923,0.0227427301956108,-0.0425163229396348,-0.0355000571377851,0.0329955238736378,-0.033859963526928,0.078157266668912,-0.161957662735042,-0.0319652180764965,0.304544361612531,-0.361315815099687,0.00780994867814507,0.00160451277521481,-0.10671942969323,0.0789574664530574,0.0518971220326486,0.00139473567361171,-0.0647439413936672,-0.194187219682665,0.0305246875871889,-0.177599701612544,-0.288633542552035,0.120015247339023,0.0644067689820967,0.248350407236557,-0.398884093313883,-0.103668729285295,-0.0713733973004082,0.115195122899486,0.00292065564492638,-0.145918540478213,-0.309465488996906
"BigQualicum",0.122804709151534,-0.186484654296179,0.0748013236904438,0.0536220060934906,-0.133007012414463,-0.101184890558062,0.258108805450822,0.161510902771476,-0.0673461631811634,-0.194128350006907,0.091867340200215,0.0718898204656988,0.194504735094766,0.10596950028447,-0.032137511709105,-0.00287468268684645,-0.274330977529719,0.142544632756112,0.101503473388806,0.149654153233975,0.138219350705007,-0.172625794851691,-0.000298240815440571,-0.0192527562801635,0.171399264463536,0.0743498524659891,-0.0589407613161287,0.0822270514022351,-0.0568199022722058,-0.0637616936907209,0.126520434039978,-0.0920008850481765,0.0614001003485375,0.0144300513807731,-0.0198519887366399,0.100663927467871,0.0725641721967359
"BigSalmon",-0.0424159347242631,-0.245342246643954,0.100794911757697,0.433511162744918,0.0525139735184754,-0.00992146872897053,0.107382391557839,0.0186534075215438,0.08081655847219,0.0212546158783588,-0.194549244653945,0.0516361754223159,-0.0341207148220059,0.208193388752885,-0.0555763086669018,0.0717879074582276,-0.0804292505794763,-0.0472426189453109,0.082624751423877,0.0658822354063608,-0.0585123938973383,0.0896972290541276,0.111187751284658,0.0416462524355945,-0.0570709238530388,-0.0383434701709992,-0.0231998898438332,0.0380254885224475,-0.0666926947033513,-0.0526100018618811,0.137922678655786,-0.147064539297539,-0.0968693879728818,0.0718940577120636,0.0459561276406165,0.0189683397889379,0.112096274849771
"Birkenhead",0.0230094066303004,-0.198626459774755,0.0245722919450476,0.131348327267819,0.103684244772486,0.343389675799334,-0.201008960279126,-0.0985830985403641,-0.0291259320539419,-0.239432920997644,0.0213289568011625,-0.13922999527199,0.00580178726094051,-0.0710026711363217,-0.128689452888084,0.0733336651424527,-0.106607390515705,-0.0741674558498965,0.00734784593609042,0.196688693066509,-0.100609359379438,0.194353206469224,-0.135040835419614,-0.00731620056692757,0.0666940271620097,0.0447192076256099,-0.0705592492230611,0.0270452110747803,-0.142333622402979,0.0155468974884534,-0.242451589956976,0.16900544524885,-0.044572765971544,-0.0372066176496687,0.0151662012886737,0.169149051475532,0.0568658772326846
"Blue",0.0408629388717793,0.112647928232039,-0.0951433084888256,0.0637934716374131,0.044152682125044,0.081866249640251,0.180698354817954,-0.0728453914407715,-0.123845187973669,0.0507948968494828,-0.0527407828942551,-0.0489145311862332,-0.0380062288371717,-0.22445514442733,-0.077197091854337,-0.0411188683693381,0.0978548033607995,-0.107045894289508,0.0902879552059835,0.165924623545121,0.0681407357846017,-0.335251101377444,-0.197282501031761,0.173534982458791,-0.367967214088337,0.170262759496143,-0.234529413429682,-0.10313085783604,-0.0145742300025819,0.00313951995820046,-0.0148306830713042,-0.156502447263014,0.308676475731221,-0.0154814749793857,0.205898548527328,0.0496416216711011,0.0924508497390425
"Cariboo",0.0479563633150986,-0.0495301145466401,-0.0656415878996651,0.0425960126296673,0.0519967054417594,0.0563172727268949,-0.0981690635634469,0.0447731198259528,0.0609520373022193,0.236134729915832,0.364878374596476,0.293516259586741,-0.0221666069668556,-0.00443298128531918,0.1175593072987,0.121615232010002,0.25693160021609,0.0272200408807554,0.166342671295138,0.17089074573991,0.0356546459979705,-0.0265554789401169,-0.11232521509614,-0.0714082227211695,0.000975579576380194,-0.0201290612883763,0.0110139311226756,0.0827922049689799,-0.0131595973322124,-0.102524548888937,0.169037860317137,-0.0852194212646483,0.00479599715009814,-0.00602220589460819,-0.0719882784125933,0.017822366391889,-0.258702871513442
"Cheakamus",0.0714804872124461,0.0936626955453569,0.273488819241972,-0.175146785020684,-0.198181599841161,-0.0228598229789533,-0.0190142837055874,-0.109887433579069,-0.10256527103655,0.169325620300211,-0.0406236978701283,-0.11824427289978,-0.110373763593495,0.222831015897636,-0.189532736820218,-0.179789463183043,0.0532482740883619,-0.00141207240228474,0.107356750522422,0.213617753780922,-0.139332328331349,0.0677819211637552,-0.0952151398573771,0.0228878787928452,-0.0317051771571451,-0.154511096906838,-0.0165933262805652,-0.0607861212246413,-0.168229723224322,-0.0651573545509445,0.106028619041971,0.0439745197888741,-0.0305782247236918,-0.0228651874580107,0.00367448761382382,0.0524214027249466,-0.149649861938802
"Cowichan",0.281203069694574,-0.145844821835427,0.240253448653476,-0.183487841244834,-0.0947835022633809,-0.0120570546817681,-0.043107887316576,-0.0305356168164534,0.0890037657383379,0.167609316898511,-0.112894510075379,-0.208499485118585,0.0693576855055784,-0.15276453502572,0.0592122351453129,0.0694453648079934,0.151993267107359,-0.0540928617429315,-0.158035173649232,0.08408316641427,0.107037666076278,-0.0434772072534586,0.175798049097009,-0.0182140685536633,-0.0185888987149313,0.0289672264594953,0.0573570162113975,0.0357884432354287,0.129215669521763,0.00811278575659423,0.0382136225352305,-0.0877485447459455,-0.111687486797901,-0.146218591418055,0.0735479171209592,0.0679899234166819,-0.094235628567098
"Dean",-0.00867586439276713,-0.0378119796674311,-0.301748063050399,-0.0192609458308259,-0.107130417821824,0.0361803286477215,-0.435893041443532,0.140243876289931,0.119115588072371,-0.0276318084249851,-0.105407198538317,-0.158262400280329,0.0179066851220673,-0.0267858265772514,0.0109678406047429,0.00641872953059028,-0.170850615854686,0.0477752910784584,0.10135425896148,0.0930684246136414,-0.100772843930344,-0.0965086602292435,-0.0434928264481759,0.0832114061528454,-0.0367186910513422,-0.142300985735439,-0.016332809830095,-0.0335072933432915,-0.102752608283296,-0.0434313591668075,0.138566540019062,-0.0813100935795843,-0.00664929217139734,0.105479712840385,0.145302268541956,-0.0293485812559086,0.0364670234433445
"Dudidontu",-0.0537644032978516,-0.122526555485253,-0.0816539961022253,-0.035796814825153,-0.102785405009089,-0.206304405808336,0.167527736494802,-0.00270388207271281,-0.196818229165743,-0.0554072341232298,0.231884578040562,0.00223969211066812,0.135805942145171,-0.155563203622757,0.0490899281433064,-0.0578887984368622,-0.135966511017203,-0.0849500466225341,0.123637691381937,0.0558093461035957,-0.212024504834793,0.0765143929210549,0.295481476656839,0.072943502844626,0.121824967154714,0.291017893720753,-0.161284883878556,-0.0572710982220936,-0.113513578250522,0.105730771511736,0.110995933241219,0.0844532069968948,-0.0824546178843013,-0.0457903628594637,0.0111602034042428,-0.14305603632972,-0.148877919170927
"Duteau",0.0842921832409269,0.260337745960787,0.0409706615928897,0.16308998522731,-0.0877576056199894,0.171906586568679,-0.0369282483082031,0.207986541816671,-0.25082141255535,0.216422826329311,0.0681099095582688,-0.00813011883991151,0.195649721181122,0.0450022070110162,-0.042032767248286,0.00118582764076194,-0.0866551206562379,-0.0936790092998365,-0.0349455743268555,-0.302318456810202,0.0082983484811249,0.0235438367103999,0.0633274019581167,-0.114233737734677,0.0120533138850229,-0.11304668292329,0.0796139310166481,-0.126531688495137,0.0936500883114324,-0.0476098925461456,-0.100557539854741,0.167138496785374,-0.0658706200254393,0.172661361512707,0.065502078887488,-0.0512135219936551,0.0571375008387047
"Ecstall",0.168214233619059,0.197491093068247,-0.0289689101418846,-0.0696505075620828,0.2585964879857,-0.269609252561512,-0.0847593474879316,-0.295227569797861,0.111232409453957,-0.161000807146811,-0.0762928941516716,0.158798005096415,0.238100938450963,0.108440726631019,0.0215582347231419,0.0643608181577473,-0.0432579288907221,-0.0152196097987768,0.0157286034258281,-0.0350762634562119,-0.062616227741205,0.0295653862717426,-0.0742429979549846,3.92808167304533e-05,0.00440489931986007,0.0454430066661368,0.0478929198651393,0.0570801937210237,0.0589687947518255,0.00910070436631768,-0.0682800110134257,-0.0423326754225317,-0.0672487774414436,0.135367288724789,-0.0395440167702678,-0.0565844583266918,0.0633685812609635
"Endako",0.241240464016213,-0.00322386110327932,0.0767066953324395,-0.121940422156519,0.0740975203341342,-0.149130057541253,0.131281515743169,0.380163487476316,0.263145442938706,-0.126146633185988,0.153156039981951,-0.126761237706289,-0.142926520266865,-0.0139595924541016,0.0316901427239382,0.0120047151736287,0.0161646321850995,-0.0849488655881365,-0.0227591179293756,-0.0544955194366151,0.0527054467177563,0.095325950113247,-0.0568832439379504,0.025573671542946,-0.0362659455519155,0.00735881353393637,-0.0318623379797694,-0.0164338977920714,-0.027965831212354,0.0407602088131599,0.0513513392720803,-0.0618390392576543,0.0949487922865801,-0.0339842475835399,-0.0660125635926698,0.109876923621365,0.0278675720947446
"Hoole",-0.325397192158289,0.0557431440357626,0.227174909477013,0.137492907576491,0.185863134358199,-0.0483662645452612,0.00350197637087406,0.0897580230816163,0.101315178479027,0.0958531747968079,0.0648675592064732,-0.0392771873754701,0.104567379603351,-0.0356754632914964,0.0425448590624517,0.0635309737892004,-0.124087034904858,0.0232528452576227,-0.210685619310142,-0.0667366593810055,0.0894612330950838,-0.16346261249799,0.112531235754279,0.00401562416953818,-0.012586783915339,-0.0484985396623632,0.0851636615253546,-0.0223321316721045,0.0225589333225399,-0.0817493976939393,-0.0404850719318295,0.00490593760579448,-0.112506550732876,0.0362830490624183,0.332688478347119,-0.0964668909229258,-0.0887892991095992
"Imnaha",-0.0246420245761152,-0.183963358614694,-0.136349801549819,-0.26179433664376,0.319324777103157,0.26644208802661,0.0847208360723377,0.111690249820357,-0.132830910705923,-0.0323450926094826,-0.126247908386282,0.109695440351508,-0.0570148806458075,0.161017036499592,-0.0856513884681951,-0.0533806482709109,0.0226687852699497,0.0601984839441593,-0.0140631828851977,0.0122607194310245,0.00485596521967981,0.0238209359860183,0.114097936127192,-0.0403056485277223,0.0212993283800702,-0.0177884135797855,0.0670220848551854,-0.0913316660725667,0.0161936330344059,0.0264421815253937,-0.120073728796894,0.125119176138946,0.00133331765792924,-0.0905736372002732,-0.00236390122868091,-0.151474531600347,-0.0271701033660502
"Kaouk",-0.385902617807859,0.0439259535286952,0.276784041775381,-0.0988310164013464,0.0253367983256366,0.0476082227465459,-0.0943919549997379,-0.0783830696360715,0.0154338384432609,-0.100119899347191,0.143709693786431,-0.13708013991317,-0.0377716521045945,0.0482724873029713,0.0316290262551111,-0.0297552364046091,0.0975298267319177,0.0547785825277385,-0.00163658854690201,0.0495295834583025,-0.0120512634233944,0.0933224443320495,-0.12523642476986,0.114369886779101,0.0116643789258184,-0.0236027370172861,-0.05353926348401,-0.043394827681167,0.0433344165069353,0.214524676144085,0.0987451071762168,-0.0018688787121277,0.160667014793215,0.00304658904117524,-0.149578543973093,0.120268501667132,0.151954656418368
"Kilbella",0.0574663386298184,-0.0846394425005531,0.284183186046853,0.0748208912599704,-0.251078364562602,0.16845548320669,0.0069822270962869,0.0875244456837367,0.102580058023128,-0.0638858688202526,-0.109532800237146,0.17613399166818,0.129507560881502,-0.053123305349564,-0.131289456549268,-0.0164156209202007,-0.0613188183607588,0.0232014049963069,0.105589042616275,0.0251056023119233,-0.307851464667236,-0.178116593264093,0.0128905208252008,-0.15846680516677,-0.124351144021931,0.145843017607707,0.0328493867334593,0.0122106810365675,0.0443478441076901,-0.124998930109991,-0.235955587242203,-0.0415889528740897,-0.137431790898662,0.0866887568122905,-0.276082736929379,-0.106086964408994,0.0361994119883255
"Kildala",0.153681289935178,-0.101321141242798,-0.0202872229635294,-0.0951570685342487,0.155251407536005,0.21333300832223,-0.210740170669667,0.205021521529813,-0.01431546965885,0.214870250618352,0.112475044059834,-0.100372738176928,0.0059154075179863,-0.103520032077209,0.157942303647471,0.160231492502828,-0.0990816297168381,-0.000186208475814847,0.00662420241200156,0.110370584538984,0.0569687181214386,0.187158103188636,0.0238101542894312,-0.0934047742049998,0.0943561123190717,0.132835787708776,-0.137603648774568,-0.140257364805344,0.107796269217192,-0.0814269821603562,-0.024683811791706,-0.0641948034516277,0.136339045271074,0.294595472110316,-0.171522110788822,0.0872159280771757,-0.0471290267926802
"Kincolith",0.00371445685731081,0.0110079018048489,0.151429712586878,-0.185733014271204,0.309904690187135,0.0416909089636318,-0.0680301189205347,-0.0667487705202514,-0.107574401081704,0.255228830306915,-0.090659492225343,-0.014332973424095,0.0619071283683973,-0.0346803846738456,0.159348180776222,0.061364898239135,-0.202652882322873,0.170704215750331,-0.0934668747864857,-0.0409850354885035,-0.0148421396475224,0.00659992062296891,0.0583724946808609,0.109177432346626,0.0379779955043066,0.220161749383804,-0.0462523437054338,0.105438343564802,0.0395101467434622,0.156376803520804,0.0812729366525941,-0.23340699445255,-0.0131262115351916,-0.120426143439336,-0.0431386756352692,-0.1768426441519,0.293653624812093
"Kitlope",-0.115026447533628,0.267513813921527,0.159910298324202,0.0221296969421519,0.0541899917280535,-0.135970172925469,-0.129789012878158,0.243232993700286,-0.00610386417331499,-0.270548292468237,-0.163430001995192,0.0826121656022649,-0.0263969544652275,-0.0790171687022986,-0.0992978565536659,0.0142660891879876,0.163831175471923,-0.0222309919426376,0.109096012991539,0.0262684365520829,0.123958549654424,0.0239819354655992,0.0391162013178895,0.00923612211699863,0.0798381212706888,0.231581533591461,0.0148201312354849,0.154856631804506,0.0509593832093912,0.0413173328661661,-0.055661086883048,-0.121987157653649,-0.040911574248715,-0.0539639418452169,-0.19493800689557,0.0614372522660488,-0.216421672731066
"Kitsumkalum",0.00175589321785066,0.235665512051,-0.223285586559432,-0.00958216186403704,-0.0938513703471699,0.0773518779902917,0.0346647590759,-0.179549333191435,0.114703964592693,-0.123714960793248,0.00367899483009014,-0.22125870723829,-0.033025176768985,0.222343402550599,0.207885766619375,0.191527729392215,-0.0460058356965111,0.130751860679489,0.114076060029988,0.0984454305132692,-0.0185758853041602,-0.0645372828488545,0.193886383133114,-0.148420903369953,-0.0173888793559382,0.0594562588415337,0.0261218260139805,0.0481682093511476,-0.047516040194382,-0.0905876489420332,-0.0473507662527361,-0.223880629083823,-0.163589062134844,0.0991354912819403,0.0514186957850516,-0.0257592700754187,0.0777253582991206
"Kitwanga",0.098666738210145,-0.0648812710852632,-0.039068276778332,0.123866698901916,0.0342017940806957,0.00241440703666624,-0.14583655095071,-0.20736978778859,0.00267822371608189,-0.0356780012217139,0.23885826407621,-0.00498135307993581,-0.292387365706732,-0.0797769560422859,-0.374561073847872,-0.130132902393225,-0.0823255783578225,0.0952676491890208,-0.105697182811041,-0.123061481645286,0.0811823811353751,-0.0472561952556446,0.129748841426291,-0.0406147461454174,0.0986866045359127,0.0847935730746971,0.0194759640800068,-0.0349734304505189,0.017752861003534,0.0693985149386486,-0.107864518505409,0.0656304320331404,0.0304690144470382,-0.0921913514338298,-0.0763340197513563,0.130898938067475,0.173557633528686
"Klinaklini",0.0164055502500516,-0.118200501597486,-0.00222279707141592,0.180993457791921,-0.0166573877956912,-0.0883896706881841,0.0757822058066742,-0.0547664056081695,0.0133080966152849,0.115877699019603,-0.179282721377802,-0.0110711640711704,-0.15954508730143,0.0967012786444191,0.0785577116933757,0.204839215918251,0.124388876630662,-0.0414460934108024,0.159975283166451,-0.127491180917847,-0.0575830637725167,-0.0883900900117873,-0.00195468859227355,0.222362574439249,0.344124223330678,0.0522792752475371,0.00882679197063675,-0.107943328902022,-0.119521097130822,0.182688938361803,-0.093748431817822,0.17065479547059,0.296154277541374,0.341341555970265,0.116398665352884,-0.0760017675805981,-0.0815575106901235
"Klondike",0.089139529748789,0.0194850993706674,-0.0479460752660087,0.297289446588796,0.0141281689183802,0.0734685822631107,-0.0273341460348042,-0.0291458120646791,-0.109519882184764,0.124875106521413,0.260071651044639,0.18116708118788,-0.0615201715837554,0.0544951852382118,-0.192740917795704,0.111253730674741,0.175889780585034,0.0911020176972713,-0.0997856211085879,-0.10479222882002,0.0129557305227469,0.0644214375749893,0.225071637678439,-0.0650478049875645,-0.139327853717404,-0.144215306542756,-0.0310404425597109,0.26073119052117,0.0371614837992979,0.139131335586876,0.211950639859602,-0.104582903763476,0.0315181438478875,-0.0300716660899069,-0.0113092459971141,0.04424574913685,0.0379857584184813
"Kwinageese",0.0911768808451231,-0.0744045577615735,-0.0243189207083193,0.0154477679214456,0.194982649046648,-0.0923466698930672,0.103691874436371,0.0373276603232224,0.106695141972928,-0.100920157341433,-0.0832377303824523,0.124025168194565,-0.0705106087416074,0.237961281367473,0.0246575568478566,0.0136912324100631,-0.0679881585141028,-0.0806330153656303,0.121450375321906,-0.0929477783670606,-0.0158600720344312,0.273089395080276,0.0820165590799578,0.0561331309252015,-0.50414659169311,0.0272562054073911,0.00718726309664686,-0.360376392552652,0.20543159585316,0.0480723613833007,-0.00784642179195149,0.0743992931550706,-0.0397312012628793,-0.0325055482165756,0.0553645803084113,0.126331380451008,-0.132925935695773
"Mayo",-0.0656160702974898,0.0210199795556187,0.150071178470845,-0.0125077574783445,-0.000488277635021697,0.0360299836671762,0.15765554494529,0.147038368919869,0.233486039188221,-0.0812419589591662,0.122247266423032,-0.0543723445773955,-0.165495148546278,-0.122468403897358,0.0512548872576096,0.0130929911613128,-0.0540631647338845,0.165553842651739,-0.194964696063092,-0.181124827823232,-0.446460209365184,-0.0899980979579347,-0.170385056089742,-0.0537256338489339,-0.0256886761408255,-0.0240889922434724,-0.033165725973251,0.099411716803765,0.157236979653397,-0.102474125385831,0.0192150675310038,0.0676326470587587,0.172318320326616,0.0322303415915323,0.204938398161173,-0.0225314873981979,0.00421344551553434
"Morley",0.105536273403034,-0.0814959980847404,0.0546702727298802,-0.0592358027627026,0.0364951018579172,0.0563516999443375,-0.0965272915291894,-0.239821858138874,0.0179321165804413,-0.172105497115865,-0.0783147791474159,0.028301324684353,0.119659346974064,-0.0660092850523469,0.105282643962895,0.0801725412372122,0.145554318666531,-0.292322200566563,-0.150875452912471,-0.161622293306887,-0.00400794172112899,-0.0570136162433133,-0.0953519375770027,-0.268016653876068,0.0336114205375965,0.119643909195018,-0.279713387413999,0.0578481854787541,-0.0964635446819417,-0.0328134845028201,0.342304408129477,0.248050014590579,-0.19311876771834,0.0305109034348465,0.242747458256795,0.137110850302825,-0.0642372886958795
"Moyeha",0.0717593711582821,-0.242626129075381,0.0387010196616197,-0.116085068206848,-0.00507761563248427,0.161433972158829,0.0673992594179089,-0.0610058369994458,-0.176243859111324,-0.23795708055619,0.0199183069857105,-0.0349317765959324,0.100469174723729,-0.100515673318429,0.088444233305812,-0.056569790146166,0.10324524044538,0.14042715707483,0.131283120166182,-0.116762097784327,0.195230723521962,-0.0235214148230524,0.113451125298777,0.12883783942019,0.0582024046828881,-0.241814701413273,0.258106241470644,0.0688688422745389,0.0129291908311301,-0.194353337142632,-0.173567611436849,-0.182737629140136,0.0565014083160498,-0.122589080435359,0.288811560092888,0.130544676665701,-0.110756845067506
"Nimpkish",-0.0461795322704018,0.139173104909777,-0.200040269793734,0.0585609057224642,-0.0121513274090126,0.16007024349875,0.302920907141983,-0.117286583028457,0.102459830610706,0.150271601776772,0.0310847725004628,-0.214040939903191,0.125702929710319,-0.106166416517155,-0.0320256617202883,-0.125558943984717,-0.0529062656920866,-0.270822163301019,0.123511205768111,-0.0807620563598984,0.116659852547027,-0.0630676230918084,-0.0606515886826248,-0.124483360492677,0.0213160272858392,0.0539445103444182,0.136272193969464,-0.0191102059587991,0.128528008536393,-0.089296037943344,-0.00670381875310519,-0.121057244148809,0.0336984220437188,0.0892642194428255,-0.186482088036869,0.162050535169951,0.0116438205538245
"Nordenskiold",0.253169385467161,0.0905999608242378,0.115076350164889,-0.0108078830995315,-0.0568156852403999,-0.124840700606596,0.104267099854553,0.0642692579568736,-0.0543894462597131,-0.0307458543061132,0.0772684715683889,-0.106090731202838,0.289376711127928,0.142539267901148,-0.0606346429897557,0.0301963136704245,0.0116796045826574,0.00829452454889352,-0.200919253576755,0.167116673741898,0.0777674809327307,-0.00583301425406086,-0.098666518351522,0.113361223400372,0.132119782256605,-0.399053686604201,-0.163667625710588,-0.213980064847208,0.0663879541286229,0.0805151200477726,0.00980927449917822,0.0870103878220656,0.00107478761624639,0.00557116883527502,-0.0761492077392086,-0.0757763652004803,0.142970689029289
"Nusatsum",-0.0274721408947812,0.0685365789081318,-0.131567913997559,-0.0292382716648744,-0.0203722172991636,0.0115123969166455,0.139933728928386,-0.152576457392128,0.329443638585688,0.110173215902026,-0.131983939970906,0.159477590411596,0.236901351082601,-0.204455155979519,-0.0871231552046092,-0.135543156977441,0.045055920327764,0.173341062700118,0.108013250260117,-0.0586090378769887,0.164834717973603,0.249854169108827,-0.000868002939713925,-0.0603314495079086,0.13932005606042,-0.0487130082539876,-0.0496538098729484,-0.0138836919642011,-0.0744687962596472,-0.0261800087667498,0.0191030097346299,0.218952669290176,0.173355599317596,-0.0692310249848314,-0.0794648180271339,-0.0389870555437325,0.111600510867085
"Okanagan",0.0857096942683643,0.104512578634946,0.083964004923249,-0.0531194737684831,0.0681884519251324,-0.0633019723538794,-0.0505224568698066,-0.141656766945069,-0.146928246114833,0.229632702627937,-0.0382552592591713,0.0358728466691265,0.151283961872677,0.166836584834108,0.0455548360990707,-0.0980283712207839,-0.221418046877257,0.0633687915094246,0.0539231009416359,-0.253816191707856,-0.231930250252774,0.100678387089622,-0.168587456647211,0.0397228002166948,-0.0479209214125501,0.0212166918462797,0.0548568976123153,0.203517267515083,-0.288430254264863,-0.078894906627215,-0.0854482682150626,-0.102934576844649,0.211504386789731,-0.139498317679928,-0.00765027747594482,0.291622315555793,-0.218444418672476
"Phillips",0.199061473856062,-0.00666038374807072,0.105703097835364,-0.0952801050866379,0.0054172626348745,-0.181702855334843,-0.0357069105941018,-0.140091055373452,0.117855377024754,0.0364148744763719,0.105185138617405,-0.127427645454762,-0.214755011889211,0.00302742885310632,-0.217251754682118,-0.176881374849906,0.0787149309505027,-0.051540158110655,-0.127085900192563,0.0221894027744796,0.138263564285212,0.054743523191083,0.0800091691265882,-0.0372969745932711,-0.0670518631868972,0.197501812792394,0.264547972072574,-0.0118946185443741,-0.234924318530553,-0.131114718898138,-0.0703305794474169,-0.0573896562400071,0.0103911587409626,0.3137724023748,0.102486486842321,-0.283277474290128,0.0285860320347532
"Pitt",0.0714868396450868,-0.00170172000732958,-0.124273545719115,0.0333886305964355,0.0389930045387738,-0.110559232199754,-0.213463355690217,-0.174788155560879,0.0704114797768041,-0.0674150102138912,0.0574320817515631,0.0226844760797798,-0.0988276628625727,-0.0447051790900373,-0.149716636593832,-0.102852036165959,-0.243155982527624,0.128977000054114,0.0686074817055483,-0.152069637575779,-0.0454145032433037,-0.276434944638875,-0.0512403258498961,0.0941648572780966,0.18548398765628,-0.0961815659188296,-0.104370086808614,-0.285967138640853,0.330387828244271,-0.000145522652618246,0.130114625258048,-0.129121788085751,-0.0898660693939376,-0.122666853712647,-0.0661631643374329,-0.00540011460177518,-0.237847964429107
"Portage",-0.0542185191825424,0.183483356116499,0.105052413428065,-0.00527343211382127,-0.103752667174329,0.00584155988414633,-0.063522628107976,-0.0144350498869152,-0.10104864320738,-0.0224089174360967,0.0296540137124703,-0.175046773973026,-0.0813300954131101,0.237830360938823,0.0201508648972851,-0.0568702070455468,0.147537568947611,0.0706711611127792,0.379520549885859,0.0328566759526025,0.0207092773128453,0.121940348432982,0.0633985290449944,-0.286488355124488,0.121467637730378,0.128553566412287,-0.105319233371193,0.0388464311058556,0.362957820028471,-0.0592035744450505,-0.00164160309470076,0.124690978519119,0.144260580037033,-0.18736459381857,0.25774654556385,-0.121724633694793,0.141476368451331
"SalmonFork",0.148537010088252,0.275522580876036,-0.115614773951037,0.20614739586181,0.0442824099057163,0.109823983666902,0.0310542650769552,-0.0285131820200791,-0.133353607051661,-0.210799298031751,0.0136414985400112,-0.0353224875573023,0.159825143605476,-0.0162607692652025,-0.0620673065520778,0.155100414618107,0.208516911465325,0.111174586897776,-0.250932423184655,0.162900761353452,-0.104059914965643,0.0601084174921706,-0.0238100345949013,0.159183031560319,-0.0478466936466916,0.0704878992860695,-0.0316319162393213,0.0163371957537418,-0.037594211139185,0.140184504598313,-0.156623593896214,-0.0636540433213838,0.0355811508604269,-0.0709969959721593,0.0221457469594014,-0.110388635233226,-0.0716604236062767
"SanJuan",0.0410544872363749,-0.17812086380154,-0.00103288771895233,0.133279777548554,-0.0626956619961576,-0.152248580205181,0.0517845449125912,-0.0488373182095741,-0.000359633419225989,0.193627877260699,-0.248276957374387,-0.134122257423896,-0.118317939670659,0.0172395905631676,0.0548738401045914,0.290385510108465,0.245247908646352,-0.000471751086956908,0.0119822582477128,-0.114350688549984,-0.0315785987051471,-0.089594183584392,-0.0724758785945948,0.0573544724781529,0.161988843277692,0.0402434514339796,0.0847991471080605,-0.057947549566445,0.0751863050295453,0.0519612321881752,-0.118445913887868,-0.0114554442476667,-0.117253024401977,-0.268452008826793,-0.164756130237969,0.0977996530964323,0.0128309228542596
"Sarita",0.0072233941870203,0.176466685289545,0.0553731872429296,-0.124114864501353,0.168705654597142,0.0944515415665275,0.134328111356763,0.0698002517107987,-0.257742746353698,0.124762864906522,-0.222734912562043,0.100286215031088,-0.239386648645173,-0.179114974783709,-0.149799169547674,-0.0130009768249006,-0.0381436165800258,0.0397181659982051,0.169067373810518,0.127459346305522,-0.0140126291142594,-0.15978706308926,0.0187762193415916,0.0401691853696947,-0.0142955055218846,-0.117620936071714,-0.0646781014215069,-0.0156896750731179,-0.0954185111927301,-0.0198172927220917,0.175530963012172,0.14127085670865,-0.296352832812175,0.0547965285281516,-0.0215327245876161,-0.0534439300360166,0.0205399736442417
"Serpentine",-0.139875336364085,0.14002279763607,0.12208610213622,-0.0310278433896788,0.14970443964301,-0.216467402439541,-0.0297868107162968,-0.0509865770956156,-0.0944554281708765,-0.107227649281906,-0.0659053021486477,0.171801308347281,-0.101693124681159,-0.255090058571327,-0.000443263514214048,0.194452922588374,-0.0970253555190332,-0.130873144698982,0.0500647064074608,0.160474203849427,0.0643534187341092,-0.022488266586477,0.0532171930430892,-0.131979195521772,0.0744821665260631,-0.26474805642995,0.160011320349422,0.0533156198317644,0.0850809199065942,-0.0844547843162677,-0.0655888415263987,0.0410105884728964,0.0671022402644955,0.21546595048706,-0.0189131315832546,0.290194007232898,0.0688373897154707
"Seymour",-0.133469607982225,0.0550506668958582,0.043444444684374,0.0295381404917709,0.0195137739643847,-0.0109299357562881,0.00081924261880012,-0.107383548683674,0.0694046128400425,-0.0292113717324827,0.129858351738398,-0.176462898347766,-0.0527281843035671,0.103131001702571,0.267463778056206,0.110029049220113,-0.0562201365012107,0.204262023581777,-0.0448982028359446,0.0211489020232114,0.156001786886831,-0.295791147544575,0.241151351827178,-0.0783734800836326,-0.249433947852855,-0.069322616212008,-0.0326730362341874,-0.100776427715266,-0.295705362164645,-0.0554480071214339,-0.0486793916677079,0.353352634634114,0.0691912404351364,-0.111881953064235,-0.311623949425781,0.0443849815059566,-0.102243880065743
"Siuslaw",-0.168966314988475,0.137034319646975,-0.0827223762402267,-0.20682684407466,-0.371670676385287,0.106605537084059,-0.0674706752595875,0.00835582195009627,0.0116948669660908,-0.00674660798660734,-0.0228948915906348,0.155798108128845,-0.13044044033181,0.207650467603683,-0.0156579690402195,0.120651148651861,-0.0968696663801604,-0.15867087312299,-0.170061175945225,6.04015173042184e-05,0.0731456387256639,0.111006915776137,0.0377925563785814,0.195840796128206,0.0279360250153473,0.001073897164058,0.0369379607979701,-0.0256306753731963,-0.0186637463401987,0.148130471321949,0.0358869618764734,-0.17297873793761,-0.0610894518708886,0.0896404531135772,0.0699547543141574,0.13861987655073,-0.0165624621566155
"Slim",0.0444517524576509,0.140217111514827,-0.0928560901286752,0.183464556679799,-0.0505902045946919,0.00637262499023259,-0.178484961008458,0.165148751242198,-0.137498020116697,-0.0863587404888182,-0.122647326233274,0.0156505268677036,0.0448456408286042,-0.078370455183272,0.178963568792231,-0.233630905768573,0.090476427586339,0.0388756571930735,-0.181303823759981,0.0447653752483772,-0.0543085785576851,0.0136478879305351,-0.000177774976670398,0.1199088976595,0.0683229234041616,0.209528486814783,0.375031965873178,-0.178944894870866,0.00103890342999576,-0.153484144961676,0.22466903237783,0.174371553604673,0.110776646622956,-0.110249575144321,-0.0522297131539285,-0.00715854494884894,-0.113433914354317
"Spius",0.0464307619218816,-0.036550037323422,-0.0231348975911145,-0.0810805014417876,-0.269484114364432,0.0655346385861849,-0.115703861748135,-0.0261552624865484,0.227954578955907,0.105497644235623,-0.201778204858074,0.0921085542157049,0.120440830151816,-0.183952081229687,-0.026583567753501,-0.0202097978117585,-0.102960201938242,0.0292877096757566,0.0323179701253772,0.0913418878281572,-0.0116559839222753,-0.0262399878193397,0.259421174174475,0.09400680880796,-0.219579410325967,-0.067115592397058,0.0823908289120098,0.223916234030994,0.173637325118079,0.333290912331729,0.0193405281496432,0.197161969534956,0.151956742765543,-0.00571285162014861,0.0579466871549747,0.0065650546438053,-0.0232178433443483
"Sustut",0.0216553725908488,-0.0544517219770254,-0.0343310804683583,0.214104019342083,-0.0191902842250139,-0.055265526517731,0.0057895862510329,0.00551956973303301,-0.049918990023144,0.0142303531859297,-0.135627766246087,0.10094329292093,-0.158445100623859,0.0188922046909813,0.351856293782256,-0.427783331233862,0.0110776478025391,-0.00312710607648525,-0.155881076280315,0.13863958847743,-0.0151856370795498,0.0649365454781079,0.00794281191571205,-0.080708266258035,0.0383566836786655,-0.0229935958138081,0.0378973458010828,-0.0226647972400653,-0.00922319601003587,-0.0175463545508637,0.112051449625137,-0.0686616385803905,-0.051517190277053,-0.0251615921693718,-0.0236590745258396,0.185086358496019,0.357671408685036
"Swift",-0.26716283052038,-0.0897769163733646,-0.0779321009811189,0.0237443464653083,0.121158922048025,-0.0843312949851298,-0.0829585976088065,0.137074414350432,0.110271549758109,0.0259870853361928,-0.206723164354424,-0.0705242323273064,0.177112936676663,0.0552236027955759,-0.259565717779711,-0.130333382914062,0.16537839734108,0.147628540164555,-0.0676553074711912,0.0211086680045381,0.0756322167329127,0.0913480385376305,0.120268106445997,-0.0546892567881764,0.0200346641339648,-0.0821126313524931,-0.266850546180867,0.0227397377003561,-0.122213532729133,-0.213489248053223,0.0889359769004989,-0.139924870033103,0.13504432545153,0.0671574339561192,0.0215313031415453,-0.0670920444105336,-0.127486933586761
"Tahltan",-0.150334614732264,-0.0667335698553628,0.0839598829377753,0.20401430141094,0.091310189449301,0.12153741629211,0.0616561972557353,-0.111482096588064,0.0846459073989308,-0.00205693413492635,0.0627967163430448,-0.215348992581253,0.0259082983369703,-0.0155095784808151,-0.00901895662198887,-0.0185955897363834,-0.210403302285739,-0.287837925242684,0.0536816013067112,0.108870967917708,0.128713639738979,0.129546188908985,-0.2522511595839,0.0669508418328038,-0.0110904955456652,-0.0933509994868504,0.229435226528976,0.140565345218454,0.0682677391374925,0.107378549047622,0.165746119781039,-0.0100243161672906,-0.062448943323964,-0.146193429230176,-0.0973160299760738,-0.352146561172013,-0.204490536295987
"Takhanne",-0.0902385646148226,-0.137004246850532,-0.0295914164128589,-0.0597606182323508,-0.0725887336456946,-0.120082204471229,0.0523422615209003,-0.0768123749279786,-0.206764561588516,-0.0994648489172492,0.17009079282804,-0.140415652541587,0.0742190762862721,-0.210503276733526,0.114107910743198,-0.0650448542613603,0.147493503397695,0.240330398016339,0.193592379533602,-0.159214679295265,-0.0673440843690129,0.194892871402198,-0.0760455430112394,0.226698868164885,-0.179288831776322,-0.0451882016477185,0.076331556962402,0.067809376574291,0.087604693880949,0.0784737098054543,0.0709800135016323,0.0672109213490899,-0.235019750226786,0.326966477922569,-0.0579452335103591,0.00112794015017635,0.0675487633666206
"Takhini",0.0602617642522455,0.0924110020856889,-0.0304317493722108,0.0362774984021641,-0.0335478214571657,-0.06210590153845,-0.138045006382814,0.312509084764376,0.0262067842639087,-0.0608655701060744,0.00727889304704692,-0.0760700130788396,-0.0427984388065998,-0.0887549422241929,0.0136085212792525,-0.031062572222363,-0.057829456098942,-0.145776904037243,0.219582276456319,-0.365843366925485,0.205122589950793,-0.0161369000366148,-0.0682926153646752,-0.0136645612884334,-0.0469685356530348,-0.0529535682943873,-0.118715761930358,0.0774609881853877,-0.326795522308813,0.204655772473733,-0.0941242674964973,-0.0245425061208379,-0.138329828751995,-0.183619003907755,0.046659670400636,-0.0528154139785417,0.151908037246322
"Taseko",-0.0262162811103008,-0.119425654729754,-0.126072509773805,-0.105955723380682,-0.0989630354725315,-0.0299244828151177,0.100891152904118,0.0801120598134775,-0.143989180715122,-0.0329609772292943,-0.0479966587287983,0.118559747272636,-0.0377324266993283,0.21219405796853,-0.0882682228225205,0.0877243826589746,-0.185117821763668,0.188336315907331,-0.168763952666095,0.0449116478063732,0.298896600607232,-0.0991029996740737,-0.324759370677484,-0.219909274941485,-0.0321768894885863,0.225481253064482,0.1492347319125,0.150088044891156,0.0817181762145115,0.181968333426795,0.0625051128604096,0.176153722122797,0.0578122980901152,0.0820032940096509,0.0758096862327208,0.02407689760753,-0.0801099788309861
"Tincup",-0.152135886477941,0.0167712688244012,0.10221077132477,-0.00136950538182616,-0.12884060266197,0.0748121261173539,-0.0181642999798704,-0.0451567190015802,0.209924380350901,0.135953401418086,0.172303022460718,0.329904745856135,0.0885478850825575,-0.0635380253160853,0.0525465599609161,0.0337658879399185,0.0910506753649126,0.134632385369507,0.0512464101777955,0.0622254983082872,0.125449464787666,0.0380224117613799,-0.217660710455142,0.0637007697669048,0.0447836320016844,0.136135064459681,0.0299130933794113,-0.363963305922595,-0.139667129204224,-0.0136101688784517,-0.166745866144798,-0.0592177304473722,-0.251779328116423,-0.114740752808516,0.20233616531071,0.0017941394190455,0.106053229248238
"Tozitna",-0.055528237617855,-0.116238666791067,0.0852987208445443,-0.16298227590696,-0.0923649834601493,0.227974551936623,-0.015067365259029,-0.110263099135952,-0.0772249757965055,-0.237106141774335,-0.053719614003107,0.180808644773818,0.00630344488028206,0.0746659271043559,0.0790475153810082,-0.0206142501433235,0.171580000300917,-0.166662958782498,-0.0538364338055387,-0.305883039714136,-0.000117606278547288,-0.1463493445844,0.0190018298096655,-0.0816430605946471,-0.0125407131883681,-0.109008417375916,-5.05357151263741e-05,-0.13691222606498,-0.0465736339892294,0.00959125317718329,0.168450711339598,-0.214664014366624,0.221588253292526,0.0816772908457755,-0.255274043695895,-0.253862669681885,0.0832372300784938
"Trinity",-0.0892455169235799,-0.0279608857506142,-0.0991840209700342,-0.0655410442242682,-0.142529531726612,-0.225579976219127,0.0272276623331166,-0.041863885527048,-0.177270381667422,-0.00452740820209923,0.0482437225023005,0.114497693784518,-0.101868728649893,-0.210482048202813,0.0238289712065826,0.233517675083589,-0.168300762859563,-0.218025984792931,-0.0763360303183976,0.107257023944697,-0.129595112808319,0.219817956988633,0.0987924514496932,-0.213620078964285,-0.0224740580593612,-0.117669193277946,0.0344920958611119,-0.148854322612393,-0.0925241349066566,-0.104664341224061,-0.0831624785491464,-0.0907177444182332,0.238050276786309,-0.268703548436727,0.0560153123464618,-0.195648832006481,0.0518389206717314
"Verrett",-0.274938637436484,-0.0817194684018794,-0.154261022464536,-0.13615163433653,0.0569600249479902,-0.063320655272519,0.0806871096035293,0.0709497096339007,-0.0185453236806514,0.108306310463975,0.112037013904922,-0.0953481054735381,0.176512755566032,0.135998950730232,-0.155051263594323,-0.167146493942155,0.128497766815247,-0.262831212719546,-0.160980907854943,0.0166376111778752,-0.135640537464959,-0.133313941074923,0.185694399276707,0.037543625524004,0.0864470956150128,0.111721717700234,-0.00703286693849794,-0.0209558106482347,0.0655004809304181,0.102348029403202,-0.146275267693731,-0.0144688993111977,-0.106151589143718,0.013092777595598,-0.00641075785615735,0.268159277683635,-0.00410709324061052
"Yakoun",-0.0181707294264638,0.00889673382080476,-0.0489038942961767,-0.0341104496415269,-0.123936983364937,-0.00236804668401924,-0.00219505957953575,-0.0414574346413319,-0.013038854572648,0.0243257169867745,0.0176195907834315,0.106794281978788,-0.147442160135462,0.082526535221127,0.07057652523489,0.0316299040419854,-0.077687206572427,-0.144037828143495,-0.125255641159645,-0.0766035854201031,0.178238622441789,0.0732606158618646,-0.0117074324766273,0.448610813453154,-0.0178247990236218,0.0630558720023172,-0.291204456534742,0.293446782376933,0.189515180661864,-0.525814911113321,-0.130597596706919,0.200795660436443,-0.0476032404687805,-0.041815189860276,-0.113097888180743,-0.10061809914114,0.0663863049125353
"Yeth",0.0509090204311351,-0.0567340408359232,-0.182779723164297,-0.135424265015282,0.183012178302521,-0.0779851490910912,-0.0908125867780381,0.116363376609351,0.133673302518716,0.0199352312951719,0.172618840244716,0.121411274551788,0.0542888687219475,0.178432052323209,0.0424977781488191,-0.066126257537971,0.158529293699406,-0.203911602065146,0.149913667359684,0.152416909406222,-0.223821953495251,-0.251666525314886,-0.0604777815388722,0.0732231295188485,0.0349013281273724,-0.130128854551952,0.204498501907578,0.215050138206307,-0.0134498737582596,0.0117099031544989,-0.0756038594537156,0.158883118631467,-0.00789040979698103,-0.0932770991860775,0.024189889158239,-0.110190841815179,0.208905131512103
